<?xml version="1.0" encoding="UTF-8"?>
<!DOCTYPE mapper PUBLIC "-//mybatis.org//DTD Mapper 3.0//EN" "mybatis-3-mapper.dtd">
<mapper namespace="member">

	<resultMap type="model.domain.Member" id="memberMap">
		<result property="phoneNumber" column="phone_number"/>
		<result property="name" column="name"/>
		<result property="studentId" column="student_id"/>
		<result property="pw" column="pw"/>
		<result property="mailId" column="mail_id"/>
		<result property="mailDomain" column="mail_domain"/>
		<result property="job" column="job"/>
		<result property="auth" column="auth"/>
		<result property="sGroup" column="s_group"/>
		<result property="jobPosition" column="job_position"/>
		<result property="jobPhone" column="job_phone"/>
		<result property="newPw" column="new_pw"/>
	</resultMap>
	
	<select id="checkId" parameterType="String" resultType="Integer">
		SELECT COUNT(STUDENT_ID) AS CHK
		  FROM MEMBER
		 WHERE STUDENT_ID = #{studentId}
	</select>
	
	<select id="checkNewPw" parameterType="String" resultMap="memberMap">
		SELECT NEW_PW
		  FROM MEMBER
		 WHERE STUDENT_ID = #{studentId}
	</select>
	
	<select id="login" resultMap="memberMap" parameterType="member">
		SELECT STUDENT_ID,
			   AUTH,
			   S_GROUP
		  FROM MEMBER
		 WHERE STUDENT_ID = #{studentId}
		   AND PW = SHA(#{pw})
	</select>
	
	<!-- 비밀번호 강제설정 -->
	<update id="updatePw" parameterType="String">
		UPDATE MEMBER
		   SET PW = SHA(#{studentId}),
		   	   NEW_PW = 'Y'
		 WHERE STUDENT_ID = #{studentId}
	</update>
	
	<!-- 전체 리스트 조회 -->
	<select id="getAllMemberList" resultMap="memberMap">
		SELECT PHONE_NUMBER,
			   NAME,
			   STUDENT_ID,
			   MAIL_ID,
			   MAIL_DOMAIN,
			   JOB,
			   S_GROUP,
			   JOB_POSITION,
			   JOB_PHONE
		  FROM MEMBER
		 WHERE STUDENT_ID != 'itpm'
		 ORDER BY ABS(S_GROUP), STUDENT_ID
	</select>
	
	<!-- 기수별 원우 리스트 조회 -->
	<select id="getGroupMemberList" parameterType="String" resultMap="memberMap">
		SELECT PHONE_NUMBER,
			   NAME,
			   STUDENT_ID,
			   MAIL_ID,
			   MAIL_DOMAIN,
			   JOB,
			   S_GROUP,
			   JOB_POSITION,
			   JOB_PHONE
		  FROM MEMBER
		 WHERE S_GROUP = #{sGroup}
		   AND STUDENT_ID != 'itpm'
		 ORDER BY STUDENT_ID
	</select>
	
	<!-- 기수 리스트 조회 -->
	<select id="getGroupList" parameterType="member" resultMap="memberMap">
		SELECT DISTINCT S_GROUP
		  FROM MEMBER
		 WHERE STUDENT_ID != 'itpm'
		 ORDER BY ABS(S_GROUP)
	</select>
	
	<!-- 내정보 조회 -->
	<select id="getMyInfo" parameterType="String" resultMap="memberMap">
		SELECT PHONE_NUMBER,
			   NAME,
			   STUDENT_ID,
			   MAIL_ID,
			   MAIL_DOMAIN,
			   JOB,
			   S_GROUP,
			   JOB_POSITION,
			   JOB_PHONE
		  FROM MEMBER
		 WHERE STUDENT_ID = #{studentId}
	</select>
	
	<!-- 비밀번호 변경 -->
	<update id="updateNewPw" parameterType="member">
		UPDATE MEMBER
		   SET PW = SHA('${pw}'),
		   	   NEW_PW = 'N'
		 WHERE STUDENT_ID = #{studentId}
	</update>
	
	<!-- 원우 정보 수정 -->
	<update id="updateMyInfo" parameterType="member">
		UPDATE MEMBER
		   SET PHONE_NUMBER = #{phoneNumber},
		   	   MAIL_ID = #{mailId},
		   	   MAIL_DOMAIN = #{mailDomain},
		   	   JOB = #{job},
		   	   JOB_POSITION = #{jobPosition}
		 WHERE STUDENT_ID = #{studentId}
	</update>
	
	
	<!-- <insert id="insertMember" parameterType="member">
		INSERT INTO MEMBER(STUDENT_ID,
						   PW,
						   NAME,
						   PHONE_NUMBER,
						   MAIL_ID,
						   MAIL_DOMAIN,
						   JOB,
						   AUTH,
						   S_GROUP)
					VALUES(#{studentId},
						   #{studentId},비밀번호를 학번으로 초기화한다.
						   #{name},
						   #{phoneNumber},
						   #{mailId},
						   #{mailDomain},
						   #{job},
						   #{auth},
						   #{sGroup})
	</insert> -->

</mapper>