<?xml version="1.0" encoding="UTF-8" ?>
<!DOCTYPE configuration PUBLIC "-//mybatis.org//DTD Config 3.0//EN" "mybatis-3-config.dtd">
<configuration>
	
	<typeAliases>
		<typeAlias type="model.domain.Member" alias="member"/>
		<!-- <typeAlias type="model.domain.Rule" alias="rule"/>
		<typeAlias type="model.domain.Notice" alias="notice"/>
		<typeAlias type="model.domain.Professor" alias="professor"/> -->
	</typeAliases>

	<environments default="env">			
		<environment id="env">
			<transactionManager type="JDBC" />
			<dataSource type="POOLED">
				<property name="driver" value="com.mysql.jdbc.Driver" />
				<property name="url" value="jdbc:mysql://13.124.113.184:3306/itpm?characterEncoding=UTF-8"/>
				<property name="username" value="itpm" />
				<property name="password" value="itpm1234" />
				<property name="poolPingQuery" value="select 1"/>
				<property name="poolPingEnabled" value="true" />
				<property name="poolPingConnectionsNotUsedFor" value="7200000" />
			</dataSource>
		</environment>
	</environments>

	<mappers>
		<mapper resource="config/member.xml" />
		<!-- <mapper resource="config/rule.xml" />
		<mapper resource="config/notice.xml" />
		<mapper resource="config/professor.xml" /> -->
	</mappers>

</configuration>